id,first_name,last_name,place,email,gender,age,organization
669,Claudio,Yukhov,Brussels,cyukhovik@hc360.com,Female,59,ESTEE LAUDER INC
670,Luca,Renton,Wallonia,lrentonil@paypal.com,Female,55,"Nelco Laboratories, Inc."
671,Kaia,Kitley,Flanders,kkitleyim@chronoengine.com,Male,31,"Nelco Laboratories, Inc."
672,Claretta,Sher,Brussels,csherin@usnews.com,Female,65,Amerisource Bergen
673,Beulah,Bubbear,Flanders,bbubbeario@g.co,Male,73,STI Pharma LLC
674,Horst,Rigglesford,Brussels,hrigglesfordip@hubpages.com,Male,33,Natural Health Supply
675,Duky,Dwire,Wallonia,ddwireiq@redcross.org,Male,67,"H.J. Harkins Company, Inc."
676,Beryl,Klaaassen,Brussels,bklaaassenir@desdev.cn,Male,50,"PD-Rx Pharmaceuticals, Inc."
677,Jackie,Brealey,Wallonia,jbrealeyis@ucoz.com,Female,73,Mylan Specialty
678,Beilul,Cosgrave,Flanders,bcosgraveit@accuweather.com,Female,53,Reckitt Benckiser LLC
679,Dorena,Akram,Brussels,dakramiu@fda.gov,Female,32,Contract Pharmacy Services-PA
680,Burgess,Remer,Wallonia,bremeriv@apache.org,Male,71,Kingsway
681,Anne,Smethurst,Brussels,asmethurstiw@addtoany.com,Male,34,Rugby Laboratories
682,Nickolas,Da Costa,Brussels,ndacostaix@domainmarket.com,Female,34,PureTek Corporation
683,Darsie,Huggard,Flanders,dhuggardiy@dailymail.co.uk,Female,34,H.J. Harkins Company Inc.
684,Leela,Bentje,Wallonia,lbentjeiz@furl.net,Male,59,"Fikes Northwest, Corp."
685,Bradford,McGriffin,Brussels,bmcgriffinj0@dropbox.com,Male,30,"Nelco Laboratories, Inc."
686,Gail,Housecraft,Brussels,ghousecraftj1@webs.com,Female,32,"H.J. Harkins Company, Inc."
687,Carley,Ziemen,Flanders,cziemenj2@europa.eu,Female,39,"Ablecare Medical, Inc."
688,Faun,Toombes,Wallonia,ftoombesj3@columbia.edu,Female,31,MEGASOL COSMETIC GMBH
689,Mareah,Harradine,Wallonia,mharradinej4@ted.com,Female,57,A-S Medication Solutions LLC
690,Billy,Charity,Brussels,bcharityj5@discovery.com,Male,52,"Med-Health Pharma, LLC"
691,Brittany,Arrow,Brussels,barrowj6@who.int,Male,68,McKesson Packaging Services Business Unit of McKesson Corporation
692,Ramona,Vlasin,Flanders,rvlasinj7@nymag.com,Male,48,Avema Pharma Solutions
693,Ninnetta,Hailey,Flanders,nhaileyj8@netscape.com,Male,72,Kosan Kozmetik Sanayi ve Ticaret A.S.
694,Sherill,Dilon,Flanders,sdilonj9@geocities.com,Female,68,Boy Butter Lubes
695,Isaiah,Insall,Brussels,iinsallja@about.com,Male,52,Procter & Gamble Manufacturing Company
696,Kellie,Simmance,Brussels,ksimmancejb@last.fm,Male,41,NeoStrata Company Inc.
697,Yurik,Rosenfrucht,Flanders,yrosenfruchtjc@mlb.com,Female,46,"CodaDose, Inc."
698,Ursala,Phelp,Brussels,uphelpjd@wisc.edu,Female,63,"DOLGENCORP, INC"
699,Pepita,Blampied,Brussels,pblampiedje@google.cn,Male,33,REMEDYREPACK INC.
700,Mohandis,Cardon,Flanders,mcardonjf@unicef.org,Female,67,"GAVIS Pharmaceuticals, LLC"
701,Claribel,Grieves,Brussels,cgrievesjg@hugedomains.com,Female,72,State of Florida DOH Central Pharmacy
702,Jermaine,Kitchenman,Wallonia,jkitchenmanjh@nba.com,Male,66,"SKINFOOD CO., LTD."
703,Nicolle,Thoresby,Brussels,nthoresbyji@ucoz.com,Female,65,"SHISEIDO CO., LTD."
704,Lou,Sibery,Flanders,lsiberyjj@china.com.cn,Female,75,Teva Pharmaceuticals USA Inc
705,Sari,Bickerstasse,Brussels,sbickerstassejk@myspace.com,Female,39,Sun Pharma Global Inc.
706,Coriss,Laroze,Brussels,clarozejl@cnet.com,Female,51,"Deb USA, Inc."
707,Felisha,Cardenoza,Flanders,fcardenozajm@boston.com,Female,64,Tri-Coastal Design Company Inc.
708,Selina,McIlwraith,Wallonia,smcilwraithjn@wired.com,Male,61,Exalenz Bioscience Ltd.
709,Emelen,Dinnage,Brussels,edinnagejo@cnbc.com,Female,55,Sagent Pharmaceuticals
710,Shirl,Klich,Wallonia,sklichjp@chicagotribune.com,Male,57,"Blenheim Pharmacal, Inc."
711,Alina,McGaw,Flanders,amcgawjq@upenn.edu,Female,55,Cardinal Health
712,Reinaldos,Varley,Flanders,rvarleyjr@answers.com,Female,71,"AvKARE, Inc."
713,Violante,Tutton,Flanders,vtuttonjs@t.co,Female,33,"NATURE REPUBLIC CO., LTD."
714,Kimberlyn,McCluin,Flanders,kmccluinjt@a8.net,Male,63,"Xiamen Anna Global Co., Ltd"
715,Thorin,Anetts,Flanders,tanettsju@bandcamp.com,Male,66,Actavis Elizabeth LLC
716,Ephraim,De Bruijn,Flanders,edebruijnjv@wired.com,Male,33,SAMDAONE
717,Winona,Heminsley,Brussels,wheminsleyjw@gizmodo.com,Female,37,Uriel Pharmacy Inc.
718,Lila,Prisk,Brussels,lpriskjx@geocities.jp,Male,52,Apotheca Company
719,Chester,Klass,Brussels,cklassjy@networkadvertising.org,Male,53,"Stila Styles, LLC"
720,Stafford,Quan,Wallonia,squanjz@istockphoto.com,Male,65,REMEDYREPACK INC.
721,Alvie,Sandbrook,Flanders,asandbrookk0@printfriendly.com,Female,36,"Dispensing Solutions, Inc."
722,Avie,Auchinleck,Brussels,aauchinleckk1@desdev.cn,Female,47,"Roxane Laboratories, Inc"
723,Wilhelm,Dyball,Brussels,wdyballk2@netvibes.com,Male,71,Cardinal Health
724,Mattheus,Cobelli,Flanders,mcobellik3@ameblo.jp,Female,63,"UDL Laboratories, Inc."
725,Elyse,Jamblin,Brussels,ejamblink4@elpais.com,Female,44,Medimetriks Pharmaceutical inc
726,Brandea,Ramalhete,Brussels,bramalhetek5@topsy.com,Female,44,Northwind Pharmaceuticals
727,Ignaz,McGinnell,Flanders,imcginnellk6@google.com.br,Male,42,Jafra Cosmetics International Inc
728,Jonis,Andreopolos,Flanders,jandreopolosk7@com.com,Male,40,AMERICAN SALES COMPANY
729,Beauregard,Dictus,Brussels,bdictusk8@youtu.be,Male,52,Jubilant HollisterStier LLC
730,Carlene,Dudgeon,Brussels,cdudgeonk9@php.net,Male,43,Energizer Personal Care LLC
731,Devland,Tinn,Wallonia,dtinnka@home.pl,Male,51,"DAVA Pharmaceuticals, Inc."
732,Loralee,Hubane,Flanders,lhubanekb@meetup.com,Male,49,"GW Laboratories, Inc."
733,Lynnette,Arrigucci,Flanders,larriguccikc@google.com.hk,Female,67,"Circadia by Dr Pugliese, Inc."
734,Averil,Lodeke,Brussels,alodekekd@freewebs.com,Female,40,"Premier Value (Chain Drug Consortium, LLC)"
735,Brett,Nelligan,Flanders,bnelliganke@webeden.co.uk,Male,60,Jubilant HollisterStier LLC
736,Perrine,Wagerfield,Brussels,pwagerfieldkf@google.it,Male,59,"Foshan Flying Medical Products Co., Ltd."
737,Ingmar,Cattenach,Flanders,icattenachkg@photobucket.com,Female,71,"Church & Dwight Co., Inc."
738,Yance,Belliard,Flanders,ybelliardkh@auda.org.au,Male,75,Mylan Pharmaceuticals Inc.
739,Wilmette,Tomasi,Flanders,wtomasiki@europa.eu,Female,70,Shionogi Inc.
740,Virginie,Lequeux,Flanders,vlequeuxkj@bravesites.com,Female,74,"Airgas Northern California and Nevada, Inc."
741,Britteny,Ravel,Brussels,bravelkk@storify.com,Female,71,"Physicians Total Care, Inc."
742,Rolland,Chapman,Wallonia,rchapmankl@vimeo.com,Male,63,Apotex Corp.
743,Clarance,Remnant,Wallonia,cremnantkm@newsvine.com,Male,37,Sandoz Inc
744,Allina,Choak,Flanders,achoakkn@fc2.com,Male,74,"Salix Pharmaceuticals, Inc."
745,Sandy,Jarrel,Flanders,sjarrelko@amazonaws.com,Female,64,Fera Pharmaceuticals
746,Pasquale,Lewin,Brussels,plewinkp@tripadvisor.com,Female,32,REMEDYREPACK INC.
747,Trixie,Bebb,Brussels,tbebbkq@home.pl,Female,30,EQUALINE (SuperValu)
748,Olva,Stannett,Brussels,ostannettkr@wikia.com,Female,44,Syntrion GmbH
749,Mohandis,Kingzet,Wallonia,mkingzetks@earthlink.net,Female,36,"Dispensing Solutions, Inc."
750,Adela,Prier,Brussels,aprierkt@cloudflare.com,Female,61,Boots Retail USA Inc
751,Broddy,Trustey,Flanders,btrusteyku@shareasale.com,Male,41,"Western Family Foods, Inc"
752,Elbert,O'Reilly,Brussels,eoreillykv@acquirethisname.com,Male,44,American Health Packaging
753,Jacinta,Tweed,Brussels,jtweedkw@weather.com,Female,71,Amerisource Bergen
754,Avigdor,Conen,Wallonia,aconenkx@opensource.org,Female,55,"Upsher-Smith Laboratories, Inc."
755,Thorsten,O'Lehane,Flanders,tolehaneky@upenn.edu,Male,58,Midlothian Laboratories
756,Bevin,Biaggioni,Brussels,bbiaggionikz@bluehost.com,Female,71,"Roxane Laboratories, Inc"
757,Happy,Tringham,Flanders,htringhaml0@google.co.uk,Male,44,Baxter Healthcare Corporation
758,Win,Staries,Wallonia,wstariesl1@twitter.com,Female,54,Procter and Gamble Manufacturing Company
759,Derrik,Levermore,Brussels,dlevermorel2@tumblr.com,Male,65,Procter and Gamble Manufacturing Company
760,Howard,Stainson,Flanders,hstainsonl3@earthlink.net,Male,70,"ALK-Abello, Inc."
761,Deedee,Baugham,Brussels,dbaughaml4@prlog.org,Male,33,Cardinal Health
762,Vallie,Bilam,Flanders,vbilaml5@nydailynews.com,Female,72,American Health Packaging
763,Tedi,Atkins,Flanders,tatkinsl6@indiegogo.com,Male,64,"Solco healthcare U.S., LLC"
764,Cecilla,McGinty,Flanders,cmcgintyl7@reuters.com,Male,50,Lake Erie Medical DBA Quality Care Products LLC
765,Hermia,Britton,Flanders,hbrittonl8@nationalgeographic.com,Male,31,HyVee Inc
766,Kin,Treamayne,Flanders,ktreamaynel9@cyberchimps.com,Female,38,Aidarex Pharmaceuticals LLC
767,Lucio,Haucke,Brussels,lhauckela@nih.gov,Female,36,BrandStorm HBC
768,Vivyan,Caldron,Flanders,vcaldronlb@sitemeter.com,Female,48,Apollo Health and Beauty Care
769,Emmye,Reville,Wallonia,erevillelc@i2i.jp,Male,59,Premier Value
770,Hilarius,Jurgensen,Flanders,hjurgensenld@live.com,Female,45,American Health Packaging
771,Frederich,Haack,Flanders,fhaackle@uol.com.br,Female,66,"Upsher-Smith Laboratories, Inc."
772,Vanni,Lies,Brussels,vlieslf@prnewswire.com,Female,55,State of Florida DOH Central Pharmacy
773,Fanechka,Luigi,Wallonia,fluigilg@comsenz.com,Male,36,Uriel Pharmacy Inc.
774,Valentin,Vinick,Brussels,vvinicklh@purevolume.com,Female,52,Strides Arcolab Limited
775,Vilhelmina,Scapens,Brussels,vscapensli@soup.io,Female,61,RedPharm Drug Inc.
776,Beatrisa,Yakovliv,Flanders,byakovlivlj@list-manage.com,Male,43,"Mallinckrodt, Inc."
777,Seana,Govett,Wallonia,sgovettlk@51.la,Male,64,J & L Medical Services LLC
778,Helsa,Layborn,Wallonia,hlaybornll@amazon.com,Male,50,"ABLE C&C CO., LTD."
779,Montague,Endrici,Brussels,mendricilm@imdb.com,Male,59,KMART CORPORATION
780,Sunshine,Dowyer,Flanders,sdowyerln@surveymonkey.com,Female,39,"Two Hip Consulting, LLC"
781,Conni,Baurerich,Flanders,cbaurerichlo@delicious.com,Male,46,"Physicians Total Care, Inc."
782,Priscilla,Blaske,Wallonia,pblaskelp@china.com.cn,Female,46,"Salado Sales, Inc."
783,Luella,Dalgardno,Flanders,ldalgardnolq@blogger.com,Male,30,"Allergy Laboratories, Inc."
784,Rhody,Demageard,Wallonia,rdemageardlr@huffingtonpost.com,Male,72,"Unichem Pharmaceuticals (USA), Inc."
785,Dyann,Noddles,Brussels,dnoddlesls@techcrunch.com,Female,56,Cardinal Health
786,Gussie,Forkan,Brussels,gforkanlt@apache.org,Male,67,"Teva Parenteral Medicines, Inc."
787,Jolie,Steggles,Flanders,jsteggleslu@constantcontact.com,Female,54,Syntrion GmbH
788,Alonso,Woodsford,Flanders,awoodsfordlv@fotki.com,Male,43,AN Co Ltd.
789,Alys,Goudman,Flanders,agoudmanlw@state.gov,Male,33,Jafra Cosmetics International Inc
790,Sibbie,Balcock,Brussels,sbalcocklx@macromedia.com,Male,36,"DOCTOR HOY'S, LLC"
791,Meaghan,Kindleysides,Wallonia,mkindleysidesly@amazon.de,Male,42,"Allergy Laboratories, Inc."
792,Adelbert,Keach,Wallonia,akeachlz@surveymonkey.com,Female,41,Midlothian Laboratories
793,Basilius,Fothergill,Wallonia,bfothergillm0@myspace.com,Male,51,Apotheca Company
794,Meriel,Gerssam,Brussels,mgerssamm1@pbs.org,Male,49,Lake Erie Medical DBA Quality Care Products LLC
795,Lamond,Mattiato,Flanders,lmattiatom2@qq.com,Female,42,"Eon Labs, Inc."
796,Klarrisa,Millican,Brussels,kmillicanm3@vinaora.com,Female,75,A-S Medication Solutions LLC
797,Jennie,Staresmeare,Flanders,jstaresmearem4@wufoo.com,Female,46,"Diversey, Inc."
798,Nance,Milstead,Flanders,nmilsteadm5@huffingtonpost.com,Male,48,Heel Inc
799,Belvia,Margett,Flanders,bmargettm6@usatoday.com,Female,34,"Antigen Laboratories, Inc."
800,Lolly,Noice,Flanders,lnoicem7@salon.com,Female,68,"Glenmark Generics Inc., USA"
801,Sallie,Luckham,Brussels,sluckhamm8@com.com,Male,42,"Physicians Total Care, Inc."
802,Aloisia,Ligertwood,Brussels,aligertwoodm9@archive.org,Male,39,"Physicians Total Care, Inc."
803,Grata,Lakeman,Flanders,glakemanma@whitehouse.gov,Male,52,NeoStrata Company Inc.
804,Lidia,Reedie,Wallonia,lreediemb@bloomberg.com,Male,30,Apotheca Company
805,Bronny,Jellyman,Brussels,bjellymanmc@bizjournals.com,Male,68,"Physicians Total Care, Inc."
806,Gustav,Forge,Brussels,gforgemd@microsoft.com,Female,66,"AMI Cosmetic Co.,Ltd."
807,Albie,Stenett,Brussels,astenettme@stumbleupon.com,Male,31,"Natural Creations, Inc."
808,Adore,Allderidge,Flanders,aallderidgemf@stanford.edu,Female,61,"Physicians Total Care, Inc."
809,Bay,Risborough,Brussels,brisboroughmg@biblegateway.com,Female,53,Supervalu Inc
810,Juliet,Ravenhill,Wallonia,jravenhillmh@mashable.com,Male,66,"SJ Creations, Inc."
811,Jillayne,Mum,Flanders,jmummi@ebay.com,Female,46,"Physicians Total Care, Inc."
812,Shepherd,Gudd,Wallonia,sguddmj@webnode.com,Female,50,McKesson
813,Kinsley,Bossons,Brussels,kbossonsmk@etsy.com,Female,67,Cardinal Health
814,Erina,Bundey,Brussels,ebundeyml@tuttocitta.it,Male,34,AMOREPACIFIC
815,Larine,Valett,Wallonia,lvalettmm@chron.com,Male,36,"Lupin Pharmaceuticals, Inc."
816,Brooks,Vivers,Flanders,bviversmn@ezinearticles.com,Female,37,"SAMSUNG PHARM IND. CO., LTD."
817,Ahmad,Rawll,Brussels,arawllmo@marketwatch.com,Male,66,Gordon Laboratories
818,Portie,Romao,Wallonia,promaomp@hp.com,Male,52,Legacy Pharmaceutical Packaging
819,Giovanni,Bragger,Brussels,gbraggermq@hao123.com,Male,68,Aidarex Pharmaceuticals LLC
820,Parry,Grew,Brussels,pgrewmr@naver.com,Male,32,STAT Rx USA LLC
821,Hanan,Fothergill,Wallonia,hfothergillms@soundcloud.com,Female,69,American Health Packaging
822,Hercules,Pittle,Flanders,hpittlemt@last.fm,Male,57,Target Corporation
823,Petrina,Teasdale,Brussels,pteasdalemu@livejournal.com,Female,40,"NCS HealthCare of KY, Inc dba Vangard Labs"
824,Leonhard,Sibyllina,Brussels,lsibyllinamv@netlog.com,Male,66,"Akorn, Inc."
825,Braden,Astlatt,Brussels,bastlattmw@google.de,Female,45,Water-Jel Technologies
826,Godwin,Hellin,Flanders,ghellinmx@google.co.uk,Male,56,HOE HIN PAK FAH YEOW MANUFACTORY LTD
827,Tania,Dienes,Brussels,tdienesmy@paypal.com,Female,71,"Ajou Medics Co., Ltd"
828,Clemmy,L'Archer,Flanders,clarchermz@statcounter.com,Male,55,united exchange corp
829,Gratia,Burton,Flanders,gburtonn0@ezinearticles.com,Male,30,Cardinal Health
830,Arel,Kermott,Flanders,akermottn1@patch.com,Female,46,Rebel Distributors Corp
831,Wynne,Josland,Brussels,wjoslandn2@washingtonpost.com,Female,41,GlaxoSmithKline LLC
832,Shelby,Henricsson,Wallonia,shenricssonn3@sun.com,Female,46,"Preferred Pharmaceuticals, Inc."
833,Nelia,Jansie,Wallonia,njansien4@census.gov,Female,75,Baxter Healthcare Corporation
834,Blondy,Baylay,Brussels,bbaylayn5@cbslocal.com,Female,74,Melaleuca Inc.
835,Lotti,Blayd,Flanders,lblaydn6@xrea.com,Male,49,Teva Pharmaceuticals USA Inc
836,Dane,Libermore,Flanders,dlibermoren7@google.pl,Male,39,Legacy Pharmaceutical Packaging
837,Lothaire,Rentilll,Wallonia,lrentillln8@mashable.com,Female,64,Cardinal Health
838,Gib,Gradon,Flanders,ggradonn9@theatlantic.com,Male,47,Conopco Inc. d/b/a Unilever
839,Jehu,Twigger,Flanders,jtwiggerna@mac.com,Female,34,Insight Pharmaceuticals
840,Florella,Pallent,Brussels,fpallentnb@bizjournals.com,Female,65,"Columbia Laboratories, Inc."
841,Daffy,Dellenbrook,Wallonia,ddellenbrooknc@wikimedia.org,Female,60,"Paddock Laboratories, Inc."
842,Murray,Newport,Flanders,mnewportnd@is.gd,Female,50,"PD-Rx Pharmaceuticals, Inc."
843,Lexie,Dainter,Brussels,ldainterne@google.fr,Female,45,Merck Sharp & Dohme Corp.
844,Vivyanne,Wrathmell,Wallonia,vwrathmellnf@comcast.net,Male,68,"Med Resources, Inc."
845,Esther,Southworth,Wallonia,esouthworthng@yale.edu,Female,42,Camber Pharmaceuticals
846,Lane,Kumaar,Flanders,lkumaarnh@scientificamerican.com,Female,38,Rebel Distributors Corp.
847,Jory,Fraser,Wallonia,jfraserni@geocities.com,Female,41,Home Sweet Homeopathics
848,Ali,Grimsdike,Brussels,agrimsdikenj@loc.gov,Male,55,Mylan Pharmaceuticals Inc.
849,Van,Swinerd,Brussels,vswinerdnk@comcast.net,Female,39,Cardinal Health
850,Daffy,Salliss,Wallonia,dsallissnl@shareasale.com,Male,37,"United-Guardian, Inc."
851,Correna,Leftridge,Wallonia,cleftridgenm@last.fm,Male,39,Apotheca Company
852,Tedmund,Kalberer,Wallonia,tkalberernn@lulu.com,Male,59,MULTALER ET CIE S.A.S.
853,Reube,Pettett,Wallonia,rpettettno@usa.gov,Female,73,"Daiichi Sankyo, Inc."
854,Cahra,Strond,Flanders,cstrondnp@jalbum.net,Female,37,"JUBILANT CADISTA PHARMACEUTICALS, INC."
855,Averil,Medford,Flanders,amedfordnq@lulu.com,Male,68,Sandoz Inc
856,Peterus,Knock,Flanders,pknocknr@about.com,Male,60,"MARTIN EKWEALOR PHARMACEUTICALS, INC."
857,Nikoletta,Clulow,Wallonia,nclulowns@flickr.com,Male,63,Northwind Pharmaceuticals
858,Crysta,Crooks,Wallonia,ccrooksnt@multiply.com,Female,34,"Ventura Corporation (San Juan, P.R)"
859,Corene,Gillmor,Brussels,cgillmornu@altervista.org,Male,30,"Physicians Total Care, Inc."
860,Kimberly,Tellenbach,Brussels,ktellenbachnv@wordpress.org,Male,37,King Bio Inc.
861,Norry,Pomfret,Brussels,npomfretnw@uiuc.edu,Female,32,"Native Remedies, LLC"
862,Trixi,Deave,Brussels,tdeavenx@tuttocitta.it,Male,50,Bryant Ranch Prepack
863,Bentlee,Crennan,Wallonia,bcrennanny@instagram.com,Female,61,"Mallinckrodt, Inc."
864,Diannne,Gubbin,Wallonia,dgubbinnz@jigsy.com,Male,42,Sandoz Inc
865,Talia,Whitwell,Flanders,twhitwello0@yale.edu,Female,70,"Nelco Laboratories, Inc."
866,Erek,Brodley,Wallonia,ebrodleyo1@geocities.jp,Female,68,"Sheencolor Biotech Co., Ltd."
867,Harriett,Askey,Flanders,haskeyo2@cyberchimps.com,Male,58,American Sales Company
868,Northrup,Bain,Wallonia,nbaino3@ebay.co.uk,Female,34,Actavis Elizabeth LLC
869,Lynett,Alexis,Brussels,lalexiso4@jiathis.com,Female,63,"SHISEIDO CO., LTD."
870,Mindy,O'Hederscoll,Wallonia,mohederscollo5@deliciousdays.com,Female,61,"Taro Pharmaceuticals U.S.A., Inc."
871,Carmita,Allicock,Brussels,callicocko6@comsenz.com,Female,35,State of Florida DOH Central Pharmacy
872,Martica,Galero,Wallonia,mgaleroo7@desdev.cn,Female,73,Mary Kay Inc.
873,Pollyanna,Durning,Flanders,pdurningo8@nydailynews.com,Female,47,REMEDYREPACK INC.
874,Gus,Pallatina,Flanders,gpallatinao9@arizona.edu,Male,46,AstraZeneca Pharmaceuticals LP
875,Irwin,Fetters,Flanders,ifettersoa@elegantthemes.com,Male,45,H E B
876,Sarena,Stanley,Flanders,sstanleyob@bigcartel.com,Female,46,Contract Pharmacy Services-PA
877,Eimile,Russel,Brussels,erusseloc@goo.ne.jp,Female,36,"ZO Skin Health, Inc."
878,Joyous,Rosensaft,Brussels,jrosensaftod@sphinn.com,Female,57,Advanced Apothecaries Inc. dba Health Depot
879,Diego,Gethings,Brussels,dgethingsoe@shareasale.com,Female,50,"OMP, INC."
880,Ward,Mannering,Brussels,wmanneringof@sina.com.cn,Male,70,STAT Rx USA LLC
881,Ignacius,Bolderson,Brussels,iboldersonog@hhs.gov,Male,33,"Allergy Laboratories, Inc."
882,Malia,Cragell,Brussels,mcragelloh@java.com,Male,57,Cardinal Health
883,Joeann,Cobbin,Wallonia,jcobbinoi@acquirethisname.com,Male,57,AbbVie Inc.
884,Selena,Sitlinton,Flanders,ssitlintonoj@microsoft.com,Female,74,Swabplus Inc.
885,Chandal,Totterdell,Flanders,ctotterdellok@t.co,Male,72,"Golden State Medical Supply, Inc."
886,Johnna,Hurley,Wallonia,jhurleyol@economist.com,Female,72,Ricola USA Inc.
887,Wat,Keningley,Brussels,wkeningleyom@nba.com,Male,46,Meijer Distribution Inc
888,Roby,Hainey`,Brussels,rhaineyon@hc360.com,Female,30,"Nelco Laboratories, Inc."
889,Hyacinthia,Fehners,Wallonia,hfehnersoo@pagesperso-orange.fr,Male,61,Northstar Rx LLC
890,Kippy,Craigg,Brussels,kcraiggop@com.com,Female,69,Rebel Distributors Corp
891,Dayna,Pulman,Wallonia,dpulmanoq@dot.gov,Female,33,"Physicians Total Care, Inc."
892,Cobbie,Kelleher,Flanders,ckelleheror@usnews.com,Female,47,"Nelco Laboratories, Inc."
893,Shani,Rawle,Brussels,srawleos@marketwatch.com,Female,49,STAT Rx USA LLC
894,Nettle,Semper,Brussels,nsemperot@nbcnews.com,Female,66,"Newton Laboratories, Inc."
895,Zachery,Andreone,Flanders,zandreoneou@simplemachines.org,Female,68,"L.N.K. International, Inc."
896,Toddie,Flitcroft,Brussels,tflitcroftov@latimes.com,Male,55,"AvKARE, Inc."
897,Wallache,Balden,Brussels,wbaldenow@europa.eu,Male,64,RWM TECHNOLOGIES
898,Ceil,Amis,Brussels,camisox@php.net,Male,46,Tris Phrama Inc
899,Virge,Silley,Brussels,vsilleyoy@scribd.com,Male,59,REMEDYREPACK INC.
900,Hersh,Wescott,Flanders,hwescottoz@army.mil,Female,69,St Marys Medical Park Pharmacy
901,Morgen,Caney,Brussels,mcaneyp0@acquirethisname.com,Female,62,SAS Healthcare Inc
902,Roarke,Bolwell,Flanders,rbolwellp1@vkontakte.ru,Female,47,Washington Homeopathic Products
903,Jocko,Brooks,Brussels,jbrooksp2@devhub.com,Female,51,"Preferred Pharmaceuticals, Inc."
904,Roseanne,Jirus,Wallonia,rjirusp3@sohu.com,Male,68,"Physicians Total Care, Inc."
905,Kipper,Clere,Wallonia,kclerep4@netvibes.com,Female,32,Tender Corp dba Adventure Medical Kits
906,Krista,Chadd,Wallonia,kchaddp5@sina.com.cn,Female,43,"Physicians Total Care, Inc."
907,Diego,Nursey,Brussels,dnurseyp6@redcross.org,Female,37,"Salix Pharmaceuticals, Inc."
908,Stinky,Beric,Wallonia,sbericp7@delicious.com,Male,73,"Golden State Medical Supply, Inc."
909,Beaufort,Falkous,Wallonia,bfalkousp8@nyu.edu,Male,74,"Lil' Drug Store Products, Inc."
910,Jocelin,Symington,Wallonia,jsymingtonp9@squidoo.com,Female,31,Safeway
911,Cthrine,Poon,Brussels,cpoonpa@unesco.org,Male,32,Home Sweet Homeopathics
912,Therese,Durden,Wallonia,tdurdenpb@dot.gov,Male,48,"Deseret Biologicals, Inc."
913,Michaella,Dafforne,Flanders,mdaffornepc@cdbaby.com,Female,56,Rebel Distributors Corp
914,Gusty,Grimstead,Wallonia,ggrimsteadpd@github.io,Female,41,"Nelco Laboratories, Inc."
915,Gabbey,Vogl,Flanders,gvoglpe@walmart.com,Female,45,Sanofi-Aventis U.S. LLC
916,Salaidh,Blumer,Wallonia,sblumerpf@delicious.com,Female,30,Similasan Corporation
917,Jarret,Officer,Wallonia,jofficerpg@instagram.com,Female,47,"Nelco Laboratories, Inc."
918,Percy,Taylerson,Flanders,ptaylersonph@google.com.au,Female,48,Natural Health Supply
919,Scottie,Fortnam,Wallonia,sfortnampi@theglobeandmail.com,Male,73,"SJ Creations, Inc."
920,Hetty,Lawday,Wallonia,hlawdaypj@usnews.com,Male,41,Colgate-Palmolive Canada
921,Pete,Boumphrey,Wallonia,pboumphreypk@delicious.com,Female,56,University of Texas MD Anderson Cancer Center
922,Dewain,St. Quintin,Wallonia,dstquintinpl@springer.com,Male,55,MARKSANS PHARMA LIMITED
923,Jaine,Deverale,Brussels,jdeveralepm@google.de,Female,30,State of Florida DOH Central Pharmacy
924,Parsifal,Longthorn,Wallonia,plongthornpn@delicious.com,Male,37,Precision Dose Inc.
925,Kip,Fowell,Wallonia,kfowellpo@icq.com,Female,69,Tri-Coastal Design Company Inc.
926,Marisa,Eldershaw,Wallonia,meldershawpp@t.co,Female,73,Sun Pharma Global FZE
927,Charmane,Dalmon,Brussels,cdalmonpq@clickbank.net,Male,62,"Crossing Cultures, LLC dba Goddess Garden"
928,Simonne,Itzakovitz,Brussels,sitzakovitzpr@cmu.edu,Female,69,"Vivier Pharma, Inc."
929,Alyson,McConigal,Wallonia,amcconigalps@ebay.co.uk,Female,33,"Nova Homeopathic Therapeutics, Inc."
930,Katine,Driscoll,Wallonia,kdriscollpt@csmonitor.com,Female,61,"SOMA Biotechnology Co., Ltd"
931,Rosemary,Aronowicz,Wallonia,raronowiczpu@1688.com,Female,74,Coghlan's Ltd.
932,Franky,Clackson,Wallonia,fclacksonpv@bbc.co.uk,Female,48,"Merle Norman Cosmetics, Inc"
933,Feliks,Danbi,Wallonia,fdanbipw@acquirethisname.com,Male,56,"Nelco Laboratories, Inc."
934,Adriena,Perree,Brussels,aperreepx@comsenz.com,Female,34,"Koh Gen Do USA, Inc"
935,Yvette,Hawket,Wallonia,yhawketpy@linkedin.com,Male,33,"RECORDATI RARE DISEASES, INC."
936,Gillan,Dullingham,Wallonia,gdullinghampz@artisteer.com,Male,75,Herbion Pakistan (Pvt.) Ltd
937,Tomi,Healy,Flanders,thealyq0@cdbaby.com,Female,48,"GRIFOLS USA, LLC"
938,Cody,Bloodworth,Flanders,cbloodworthq1@pagesperso-orange.fr,Male,43,"ABC Compounding Co., Inc."
939,Gregory,Rochewell,Wallonia,grochewellq2@csmonitor.com,Male,48,Bayer HealthCare Pharmaceuticals Inc.
940,Dita,Margrem,Flanders,dmargremq3@blinklist.com,Male,70,"Amneal Pharmaceuticals, LLC"
941,Darrin,Thorburn,Flanders,dthorburnq4@feedburner.com,Female,75,"Hospira, Inc."
942,Letty,Farman,Wallonia,lfarmanq5@netlog.com,Female,65,GlaxoSmithKline Consumer Healthcare LP
943,Pancho,Perrelli,Brussels,pperrelliq6@stanford.edu,Female,51,Rite Aid Corporation
944,Xenos,Bignold,Wallonia,xbignoldq7@shareasale.com,Male,55,Kroger Company
945,Rockie,Daingerfield,Flanders,rdaingerfieldq8@tamu.edu,Male,36,Lake Erie Medical & Surgical Supply DBA Quality Care Products LLC
946,Norry,Poller,Brussels,npollerq9@newyorker.com,Female,73,Shopko
947,Delly,Piatto,Wallonia,dpiattoqa@pen.io,Male,57,REMEDYREPACK INC.
948,Lavinie,Bengall,Wallonia,lbengallqb@state.gov,Male,47,AbbVie Inc.
949,Chelsae,Ridler,Wallonia,cridlerqc@dedecms.com,Female,62,Lake Erie Medical & Surgical Supply DBA Quality Care Products LLC
950,Chantalle,Hurdwell,Flanders,churdwellqd@phoca.cz,Female,41,"Osceola Supply, Inc."
951,Ossie,Wintle,Wallonia,owintleqe@ezinearticles.com,Male,56,Energetix Corp
952,Dee dee,Sandhill,Flanders,dsandhillqf@sun.com,Male,55,Massco Dental A Division of Dunagin Pharmaceuticals
953,Crissy,Chattock,Flanders,cchattockqg@irs.gov,Male,48,"Teva Parenteral Medicines, Inc."
954,Kippie,Pritchett,Brussels,kpritchettqh@topsy.com,Male,39,L Perrigo Company
955,Coriss,Barham,Flanders,cbarhamqi@forbes.com,Male,39,"EQUATE (Walmart Stores, Inc.)"
956,Lucie,Soltan,Wallonia,lsoltanqj@loc.gov,Female,58,DZA Brands LLC
957,Arabela,Kinloch,Brussels,akinlochqk@csmonitor.com,Male,73,"Noven Therapeutics, LLC"
958,Eli,O'Kennavain,Flanders,eokennavainql@friendfeed.com,Male,61,Rebel Distributors Corp.
959,Udall,Broschke,Flanders,ubroschkeqm@xing.com,Male,36,Proficient Rx LP
960,Denis,Fogarty,Wallonia,dfogartyqn@msn.com,Male,33,Premier Value
961,Husain,Huffey,Flanders,hhuffeyqo@last.fm,Male,56,REMEDYREPACK INC.
962,Issi,Grancher,Flanders,igrancherqp@free.fr,Female,48,"Nelco Laboratories, Inc."
963,Dorita,Haggata,Wallonia,dhaggataqq@latimes.com,Female,48,LVMH Fragrance Brands
964,Salomon,Speirs,Wallonia,sspeirsqr@wordpress.com,Female,30,OrchidPharma Inc
965,Thornie,Mackelworth,Flanders,tmackelworthqs@oakley.com,Female,42,Medcare Group LLC
966,Tansy,Blindmann,Flanders,tblindmannqt@nbcnews.com,Male,72,"NSE Products, Inc."
967,Melisent,Aronov,Wallonia,maronovqu@people.com.cn,Female,55,"Nelco Laboratories, Inc."
968,Jamie,Meader,Wallonia,jmeaderqv@g.co,Male,31,Apotheca Company
969,Dalt,Ellcock,Brussels,dellcockqw@cmu.edu,Female,62,Bryant Ranch Prepack
970,Lucho,Borlease,Wallonia,lborleaseqx@slashdot.org,Female,42,H2O PLUS
971,See,Bachs,Brussels,sbachsqy@wikia.com,Female,67,Family Dollar
972,Elayne,Brogiotti,Wallonia,ebrogiottiqz@state.tx.us,Male,52,"Nelco Laboratories, Inc."
973,Bernardo,Dominguez,Wallonia,bdominguezr0@youtu.be,Male,70,"New GPC, Inc."
974,Monah,Enticott,Brussels,menticottr1@geocities.jp,Male,30,Novartis Pharmaceuticals Corporation
975,Hagan,Chern,Wallonia,hchernr2@howstuffworks.com,Female,70,"PD-Rx Pharmaceuticals, Inc."
976,Odelle,Bluett,Wallonia,obluettr3@bloglines.com,Male,35,Uriel Pharmacy Inc.
977,Kira,McIlvenna,Wallonia,kmcilvennar4@amazonaws.com,Female,72,Costco Wholesale Company
978,Katrina,Cripwell,Brussels,kcripwellr5@opera.com,Female,52,Rebel Distributors Corp
979,Hetti,Flanne,Flanders,hflanner6@gravatar.com,Female,30,Vanda Pharmaceuticals Inc.
980,Sydney,Aubert,Wallonia,saubertr7@instagram.com,Male,33,Darby Dental Supply LLC
981,Vito,Abbys,Brussels,vabbysr8@mail.ru,Female,45,Pfizer Laboratories Div Pfizer Inc
982,Ruy,Rossant,Flanders,rrossantr9@google.nl,Female,62,REMEDYREPACK INC.
983,Joseito,Chasmoor,Brussels,jchasmoorra@printfriendly.com,Male,65,Ventura Corporation LTD
984,Alfonse,Christoffersen,Flanders,achristoffersenrb@dailymail.co.uk,Male,70,Apotheca Company
985,Silva,Muckeen,Wallonia,smuckeenrc@infoseek.co.jp,Female,73,"Theraceutix, LLC"
986,Harmonie,De Coursey,Flanders,hdecourseyrd@cnbc.com,Female,72,Cobalt Laboratories
987,Jess,Tremonte,Wallonia,jtremontere@state.gov,Female,64,Baxter Healthcare Corporation
988,Fianna,Andersson,Wallonia,fanderssonrf@github.io,Male,49,Mallinckrodt Inc.
989,Pam,Gorrie,Wallonia,pgorrierg@nymag.com,Male,59,TOP CARE (Topco Associates LLC)
990,Guillaume,Shurrock,Flanders,gshurrockrh@yandex.ru,Female,60,Walgreens Company
991,Ermengarde,Coyish,Brussels,ecoyishri@naver.com,Male,71,Tibet Cheezheng Tibetan Medicine Co. Ltd.
992,Hilde,Saltman,Wallonia,hsaltmanrj@blogs.com,Female,68,Mylan Institutional LLC
993,Magdalen,Geistmann,Brussels,mgeistmannrk@people.com.cn,Male,52,"Dharma Research, Inc."
994,Aura,Gillings,Flanders,agillingsrl@chicagotribune.com,Female,74,"AvKARE, Inc."
995,Eldredge,Yakovitch,Flanders,eyakovitchrm@csmonitor.com,Female,52,CVS PHARMACY INC
996,Lurette,Rattray,Flanders,lrattrayrn@nydailynews.com,Male,59,"Crossing Cultures, LLC dba Goddess Garden"
997,Lindsay,Fudger,Wallonia,lfudgerro@jigsy.com,Male,49,Apotheca Company
998,Doralia,Fairbanks,Wallonia,dfairbanksrp@dedecms.com,Female,51,Air Liquide Large Industries U.S. LP
999,Dukey,McGuigan,Flanders,dmcguiganrq@twitpic.com,Male,71,"Elizabeth Arden, Inc"
1000,Cosetta,McSweeney,Wallonia,cmcsweeneyrr@ezinearticles.com,Female,59,Deseret Biologicals
