id,first_name,last_name,place,email,gender,age,organization
1,Beryle,Kille,Brussels,bkille0@ucsd.edu,Female,40,"Apotheca Company"
2,Ranice,Wellstead,Brussels,rwellstead1@usa.gov,Female,53,"Apotheca Company"
3,Mahalia,Gabbat,Wallonia,mgabbat2@istockphoto.com,Female,44,"Apotheca Company"
4,Stephie,Eyckel,Brussels,seyckel3@tamu.edu,Female,56,"Apotheca Company"
5,Brose,Eagar,Brussels,beagar4@de.vu,Male,41,"Apotheca Company"
6,Jabez,Yashunin,Brussels,jyashunin5@wufoo.com,Female,33,"Apotheca Company"
7,Katrine,Capitano,Wallonia,kcapitano6@fc2.com,Male,54,"Apotheca Company"
8,Edeline,Roder,Brussels,eroder7@mit.edu,Male,73,"Apotheca Company"
9,Janaya,Soaper,Brussels,jsoaper8@constantcontact.com,Male,63,"Apotheca Company"
10,Jacques,Durrad,Brussels,jdurrad9@weibo.com,Male,37,"Apotheca Company"
11,Esdras,Stimpson,Wallonia,estimpsona@cocolog-nifty.com,Male,66,"Apotheca Company"
12,Calida,Dineges,Brussels,cdinegesb@marriott.com,Male,54,"Apotheca Company"
13,Jose,Whitsun,Brussels,jwhitsunc@exblog.jp,Female,40,"Apotheca Company"
14,Beaufort,Nicklen,Flanders,bnicklend@indiatimes.com,Male,60,"Apotheca Company"
15,Harley,MacClinton,Wallonia,hmacclintone@cbc.ca,Male,70,"Apotheca Company"
16,Rose,Gibson,Wallonia,rgibsonf@infoseek.co.jp,Female,46,"Apotheca Company"
17,Menard,Abraham,Wallonia,mabrahamg@youtu.be,Male,49,"Apotheca Company"
18,Eve,Matuszkiewicz,Brussels,ematuszkiewiczh@theglobeandmail.com,Female,42,"Apotheca Company"
19,Georgi,Broadhead,Flanders,gbroadheadi@ihg.com,Male,44,"Apotheca Company"
20,Fraser,Burnsall,Wallonia,fburnsallj@google.com.br,Male,51,"Apotheca Company"
21,Anna,Geertje,Brussels,ageertjek@hexun.com,Male,40,"Apotheca Company"
22,Rancell,Collie,Brussels,rcolliel@mapquest.com,Male,48,"Apotheca Company"
23,Morlee,Van De Cappelle,Flanders,mvandecappellem@spotify.com,Female,43,"Apotheca Company"
24,Zacharias,Loache,Brussels,zloachen@ehow.com,Female,37,"Apotheca Company"
25,Emelia,Papis,Wallonia,epapiso@unblog.fr,Male,33,"Apotheca Company"
26,Lynne,Laffin,Flanders,llaffinp@epa.gov,Male,40,"Apotheca Company"
27,Olwen,Bamsey,Wallonia,obamseyq@paginegialle.it,Female,46,"Apotheca Company"
28,Domeniga,Vallentin,Wallonia,dvallentinr@economist.com,Male,49,"Apotheca Company"
29,Joell,Saker,Brussels,jsakers@netlog.com,Male,71,"Apotheca Company"
30,Emmeline,Ibel,Brussels,eibelt@unblog.fr,Male,53,"Apotheca Company"
31,Cullie,Lill,Wallonia,clillu@java.com,Female,54,"Apotheca Company"
32,Kariotta,Andreev,Flanders,kandreevv@instagram.com,Male,64,"Apotheca Company"
33,Aurora,Brannigan,Flanders,abranniganw@yahoo.co.jp,Male,72,"Apotheca Company"
34,Tudor,Shegog,Wallonia,tshegogx@usda.gov,Female,54,"Apotheca Company"
35,Tiffanie,Daventry,Flanders,tdaventryy@toplist.cz,Male,63,"Apotheca Company"
36,Sharron,Reading,Brussels,sreadingz@slideshare.net,Female,46,"Apotheca Company"
37,Kassandra,Matussevich,Wallonia,kmatussevich10@devhub.com,Female,63,"Apotheca Company"
38,Kirbee,Larret,Flanders,klarret11@marketwatch.com,Female,30,"Apotheca Company"
39,Tabb,Winslow,Flanders,twinslow12@tiny.cc,Female,48,"Apotheca Company"
40,Lolly,Hansemann,Wallonia,lhansemann13@blogs.com,Female,70,"Apotheca Company"
41,Peggy,Girodon,Wallonia,pgirodon14@mlb.com,Male,66,"Apotheca Company"
42,Miof mela,Sauven,Wallonia,msauven15@cornell.edu,Male,49,"Apotheca Company"
43,Garrett,Borrow,Flanders,gborrow16@fotki.com,Female,67,"Apotheca Company"
44,Cordelia,Lauga,Wallonia,clauga17@techcrunch.com,Female,43,"Apotheca Company"
45,Lynnet,Odo,Flanders,lodo18@geocities.jp,Female,34,"Apotheca Company"
46,Bowie,Tinker,Flanders,btinker19@bbc.co.uk,Female,66,"Apotheca Company"
47,Aimil,Bremond,Brussels,abremond1a@ezinearticles.com,Male,33,"Apotheca Company"
48,Sigfrid,Backshill,Flanders,sbackshill1b@ocn.ne.jp,Female,37,"Apotheca Company"
49,Dallas,Raitt,Brussels,draitt1c@economist.com,Female,46,"Apotheca Company"
50,Charil,Sayre,Brussels,csayre1d@latimes.com,Female,30,"Apotheca Company"
51,Peggy,de Leon,Brussels,pdeleon1e@tmall.com,Female,46,"Apotheca Company"
52,Becka,Lilywhite,Wallonia,blilywhite1f@comsenz.com,Female,66,"Apotheca Company"
53,Ashley,Loges,Brussels,aloges1g@google.fr,Male,57,"Apotheca Company"
54,Kordula,Champagne,Wallonia,kchampagne1h@weather.com,Male,73,"Apotheca Company"
55,Alphonse,Fountain,Flanders,afountain1i@ow.ly,Male,72,"Apotheca Company"
56,Deidre,Siret,Wallonia,dsiret1j@shop-pro.jp,Female,67,"Apotheca Company"
57,Violante,Manderson,Brussels,vmanderson1k@scribd.com,Male,35,"Apotheca Company"
58,Sada,Seelbach,Wallonia,sseelbach1l@npr.org,Male,47,"Apotheca Company"
59,Gaye,Leather,Flanders,gleather1m@a8.net,Female,44,"Apotheca Company"
60,Thebault,Gasken,Flanders,tgasken1n@typepad.com,Male,39,"Apotheca Company"
61,Marabel,Charer,Flanders,mcharer1o@cyberchimps.com,Male,68,"Apotheca Company"
62,Corrianne,Longland,Brussels,clongland1p@blinklist.com,Male,62,"Apotheca Company"
63,Herculie,Tynan,Brussels,htynan1q@drupal.org,Female,35,"Apotheca Company"
64,Selene,Creamen,Brussels,screamen1r@issuu.com,Male,62,"Apotheca Company"
65,Sibel,Ivan,Wallonia,sivan1s@gravatar.com,Female,66,"Apotheca Company"
66,Reeba,Antuk,Flanders,rantuk1t@typepad.com,Female,42,"Apotheca Company"
67,Crissy,Malling,Wallonia,cmalling1u@so-net.ne.jp,Female,70,"Apotheca Company"
68,Saba,Slafford,Wallonia,sslafford1v@wordpress.org,Female,36,"Apotheca Company"
69,Terrill,Janecek,Brussels,tjanecek1w@xrea.com,Female,58,"Apotheca Company"
70,Blanche,Hartburn,Flanders,bhartburn1x@squidoo.com,Female,31,"Apotheca Company"
71,Esteban,Hazelgrove,Flanders,ehazelgrove1y@typepad.com,Male,34,"Apotheca Company"
72,Forster,Biskup,Wallonia,fbiskup1z@elegantthemes.com,Male,56,"Apotheca Company"
73,Fairlie,Tantrum,Brussels,ftantrum20@nhs.uk,Male,42,"Apotheca Company"
74,Alicea,Gullis,Wallonia,agullis21@home.pl,Female,32,"Apotheca Company"
75,Katee,Kobierzycki,Flanders,kkobierzycki22@youku.com,Male,66,"Apotheca Company"
76,Laural,Thirlwell,Wallonia,lthirlwell23@geocities.com,Male,71,"Apotheca Company"
77,Karlene,Stripp,Brussels,kstripp24@mozilla.org,Female,72,"Apotheca Company"
78,Traci,Alesio,Brussels,talesio25@bandcamp.com,Female,69,"Apotheca Company"
79,Clarey,Eger,Brussels,ceger26@cbsnews.com,Female,56,"Apotheca Company"
80,Sarina,Ends,Flanders,sends27@usnews.com,Male,41,"Apotheca Company"
81,Galven,Daviddi,Brussels,gdaviddi28@oaic.gov.au,Male,51,"Apotheca Company"
82,Max,Whale,Wallonia,mwhale29@nhs.uk,Male,63,"Apotheca Company"
83,Granny,Willment,Brussels,gwillment2a@wunderground.com,Male,44,"Apotheca Company"
84,Cristy,Mathelin,Flanders,cmathelin2b@mapquest.com,Male,67,"Apotheca Company"
85,Bess,Godlee,Flanders,bgodlee2c@stumbleupon.com,Male,68,"Apotheca Company"
86,Olia,Goodliff,Brussels,ogoodliff2d@sogou.com,Male,39,"Apotheca Company"
87,Vinni,Springtorpe,Brussels,vspringtorpe2e@ucla.edu,Female,72,"Apotheca Company"
88,Noelani,Onslow,Wallonia,nonslow2f@europa.eu,Female,74,"Apotheca Company"
89,Mahalia,Longfut,Flanders,mlongfut2g@dmoz.org,Male,66,"Apotheca Company"
90,Nicoli,Kopelman,Flanders,nkopelman2h@tiny.cc,Male,44,"Apotheca Company"
91,Terese,Monks,Flanders,tmonks2i@google.it,Female,55,"Apotheca Company"
92,Esmeralda,Dougill,Flanders,edougill2j@amazonaws.com,Male,49,"Apotheca Company"
93,Reinaldos,Moxom,Flanders,rmoxom2k@spotify.com,Female,60,"Apotheca Company"
94,Micheil,Heyfield,Flanders,mheyfield2l@bloglines.com,Male,36,"Apotheca Company"
95,Annabell,Van Leijs,Flanders,avanleijs2m@tripadvisor.com,Male,68,"Apotheca Company"
96,Nan,Mc Gorley,Wallonia,nmcgorley2n@ted.com,Male,52,"Apotheca Company"
97,Ysabel,Woodlands,Flanders,ywoodlands2o@nature.com,Female,41,"Apotheca Company"
98,Christoper,Kupke,Wallonia,ckupke2p@apache.org,Female,55,"Apotheca Company"
99,Paloma,Rentoul,Flanders,prentoul2q@telegraph.co.uk,Male,74,"Apotheca Company"
100,Jermaine,Bredee,Brussels,jbredee2r@weebly.com,Male,34,"Apotheca Company"
101,Nickey,Bircher,Flanders,nbircher2s@army.mil,Male,49,"Apotheca Company"
102,Brana,Claremont,Flanders,bclaremont2t@chronoengine.com,Female,45,"Apotheca Company"
103,Barbi,Pennells,Brussels,bpennells2u@harvard.edu,Female,31,"Apotheca Company"
104,Gwendolyn,Cawdron,Flanders,gcawdron2v@yahoo.co.jp,Female,37,"Apotheca Company"
105,Ede,Beaushaw,Flanders,ebeaushaw2w@skyrock.com,Male,37,"Apotheca Company"
106,Teddie,Pipet,Flanders,tpipet2x@nyu.edu,Male,53,"Apotheca Company"
107,Skippy,Beviss,Wallonia,sbeviss2y@yahoo.co.jp,Female,37,"Apotheca Company"
108,Pearl,Livett,Flanders,plivett2z@mozilla.com,Male,73,"Apotheca Company"
109,Samaria,Rubie,Wallonia,srubie30@about.me,Female,40,"Apotheca Company"
110,Evania,Henken,Brussels,ehenken31@cbsnews.com,Male,36,"Apotheca Company"
111,Valentine,Beagin,Brussels,vbeagin32@mozilla.com,Female,39,"Apotheca Company"
112,Doria,Minguet,Flanders,dminguet33@prlog.org,Male,57,"Apotheca Company"
113,Laure,Featherbie,Flanders,lfeatherbie34@bloomberg.com,Male,40,"Apotheca Company"
114,Elden,Spilisy,Wallonia,espilisy35@51.la,Male,50,"Apotheca Company"
115,Brodie,Lowcock,Wallonia,blowcock36@deviantart.com,Male,67,"Apotheca Company"
116,Larisa,Mapstone,Wallonia,lmapstone37@lulu.com,Male,72,"Apotheca Company"
117,Nolana,Colin,Flanders,ncolin38@webs.com,Male,68,"Apotheca Company"
118,Netta,Malthouse,Flanders,nmalthouse39@tripadvisor.com,Male,50,"Apotheca Company"
119,Dynah,Jeannot,Flanders,djeannot3a@de.vu,Male,73,"Apotheca Company"
120,Carly,Blandamore,Wallonia,cblandamore3b@nsw.gov.au,Female,61,"Apotheca Company"
121,Camilla,Becke,Flanders,cbecke3c@webeden.co.uk,Female,37,"Apotheca Company"
122,Mischa,Wakefield,Brussels,mwakefield3d@github.io,Male,50,"Apotheca Company"
123,Archibald,Girauld,Flanders,agirauld3e@cnet.com,Male,46,"Apotheca Company"
124,Querida,Battisson,Flanders,qbattisson3f@omniture.com,Male,30,"Apotheca Company"
125,Sheppard,McCrillis,Brussels,smccrillis3g@baidu.com,Male,65,"Apotheca Company"
126,Teriann,Blundin,Wallonia,tblundin3h@artisteer.com,Female,42,"Apotheca Company"
127,Giffer,Samber,Wallonia,gsamber3i@seesaa.net,Male,43,"Apotheca Company"
128,Betteann,Burchall,Wallonia,bburchall3j@ow.ly,Male,30,"Apotheca Company"
129,Marlo,Fligg,Brussels,mfligg3k@bbc.co.uk,Male,73,"Apotheca Company"
130,Arel,Playden,Flanders,aplayden3l@xing.com,Male,51,"Apotheca Company"
131,Cody,Krolle,Brussels,ckrolle3m@pcworld.com,Female,60,"Apotheca Company"
132,Magdalene,Hellewell,Wallonia,mhellewell3n@t-online.de,Male,33,"Apotheca Company"
133,Reinold,Walworth,Wallonia,rwalworth3o@bbc.co.uk,Female,66,"Apotheca Company"
134,Ula,Mayow,Brussels,umayow3p@tripadvisor.com,Female,54,"Apotheca Company"
135,Tobit,McKirton,Flanders,tmckirton3q@acquirethisname.com,Male,71,"Apotheca Company"
136,Shayla,Willoughby,Brussels,swilloughby3r@webs.com,Male,70,"Apotheca Company"
137,Vassili,Frenzel;,Brussels,vfrenzel3s@disqus.com,Male,72,"Apotheca Company"
138,Laurens,Attow,Wallonia,lattow3t@vimeo.com,Male,62,"Apotheca Company"
139,Adi,Ludwikiewicz,Brussels,aludwikiewicz3u@e-recht24.de,Female,36,"Apotheca Company"
140,Wolfie,Shallcross,Brussels,wshallcross3v@rediff.com,Female,66,"Apotheca Company"
141,Stephine,Salvador,Wallonia,ssalvador3w@google.ca,Female,46,"Apotheca Company"
142,Arnaldo,Berling,Brussels,aberling3x@unicef.org,Female,53,"Apotheca Company"
143,Tymon,Ibarra,Wallonia,tibarra3y@phoca.cz,Male,45,"Apotheca Company"
144,Inessa,Domingues,Flanders,idomingues3z@arstechnica.com,Male,31,"Apotheca Company"
145,Dominica,Kennaird,Brussels,dkennaird40@scribd.com,Female,44,"Apotheca Company"
146,Martie,Tillett,Flanders,mtillett41@stumbleupon.com,Male,64,"Apotheca Company"
147,Kyrstin,Plackstone,Wallonia,kplackstone42@google.nl,Male,68,"Apotheca Company"
148,Carolan,Latty,Wallonia,clatty43@bravesites.com,Male,32,"Apotheca Company"
149,Gerhard,Goldis,Brussels,ggoldis44@ibm.com,Female,56,"Apotheca Company"
150,Lavinie,Harrigan,Wallonia,lharrigan45@forbes.com,Female,35,"Apotheca Company"
151,Eustacia,Fardo,Brussels,efardo46@google.es,Male,56,"Apotheca Company"
152,Ellswerth,Shapero,Brussels,eshapero47@alibaba.com,Male,32,"Apotheca Company"
153,Salmon,Evert,Brussels,severt48@ebay.co.uk,Female,64,"Apotheca Company"
154,Alix,Jacobowitz,Wallonia,ajacobowitz49@prnewswire.com,Male,32,"Apotheca Company"
155,Gustie,Rotge,Wallonia,grotge4a@is.gd,Female,71,"Apotheca Company"
156,Janey,Stork,Wallonia,jstork4b@amazon.co.uk,Male,73,"Apotheca Company"
157,Valerie,Kynder,Wallonia,vkynder4c@virginia.edu,Female,42,"Apotheca Company"
158,Timmie,Albiston,Brussels,talbiston4d@cnet.com,Female,36,"Apotheca Company"
159,Marylou,Lawie,Flanders,mlawie4e@jalbum.net,Male,73,"Apotheca Company"
160,Eudora,Saker,Flanders,esaker4f@dagondesign.com,Male,72,"Apotheca Company"
161,Any,Lumby,Flanders,alumby4g@google.com,Female,66,"Apotheca Company"
162,Cecil,Rivenzon,Flanders,crivenzon4h@buzzfeed.com,Female,64,"Apotheca Company"
163,Bengt,Laydon,Flanders,blaydon4i@ibm.com,Male,38,"Apotheca Company"
164,Ruthie,Maddicks,Wallonia,rmaddicks4j@cisco.com,Male,33,"Apotheca Company"
165,Grange,Saffle,Wallonia,gsaffle4k@tinypic.com,Female,35,"Apotheca Company"
166,Dana,Windrass,Wallonia,dwindrass4l@biblegateway.com,Female,57,"Apotheca Company"
167,Pattie,Friskey,Brussels,pfriskey4m@ca.gov,Female,51,"Apotheca Company"
168,Chase,Sarfati,Wallonia,csarfati4n@bandcamp.com,Female,32,"Apotheca Company"
169,Mark,Giamuzzo,Brussels,mgiamuzzo4o@tamu.edu,Male,69,"Apotheca Company"
170,Darcy,Janczak,Brussels,djanczak4p@mapy.cz,Male,41,"Apotheca Company"
171,Nikolas,Bryan,Wallonia,nbryan4q@nba.com,Female,31,"Apotheca Company"
172,Augustina,Quartermain,Brussels,aquartermain4r@etsy.com,Female,66,"Apotheca Company"
173,Mile,Chater,Brussels,mchater4s@china.com.cn,Male,59,"Apotheca Company"
174,Gaby,Morteo,Wallonia,gmorteo4t@cyberchimps.com,Male,34,"Apotheca Company"
175,Che,Schutt,Flanders,cschutt4u@acquirethisname.com,Male,62,"Apotheca Company"
176,Tedmund,Flea,Brussels,tflea4v@topsy.com,Female,55,"Apotheca Company"
177,Maxy,Ast,Wallonia,mast4w@odnoklassniki.ru,Male,59,"Apotheca Company"
178,Wyatt,Medway,Brussels,wmedway4x@wordpress.org,Male,38,"Apotheca Company"
179,Boycey,Mugleston,Wallonia,bmugleston4y@arizona.edu,Male,43,"Apotheca Company"
180,Osbert,Gordon,Wallonia,ogordon4z@archive.org,Male,72,"Apotheca Company"
181,Granny,Bunston,Flanders,gbunston50@wikia.com,Male,69,"Apotheca Company"
182,Shell,Follis,Brussels,sfollis51@hhs.gov,Male,42,"Apotheca Company"
183,Eduardo,Ceaser,Flanders,eceaser52@acquirethisname.com,Female,51,"Apotheca Company"
184,Dorry,Duly,Brussels,dduly53@delicious.com,Female,74,"Apotheca Company"
185,Ashleigh,Hansie,Wallonia,ahansie54@last.fm,Female,74,"Apotheca Company"
186,Deva,O'Dempsey,Wallonia,dodempsey55@wunderground.com,Female,31,"Apotheca Company"
187,Sallyanne,Surgen,Brussels,ssurgen56@ebay.co.uk,Male,55,"Apotheca Company"
188,Wendeline,Sackey,Brussels,wsackey57@sbwire.com,Male,46,"Apotheca Company"
189,Marj,MacKnockiter,Brussels,mmacknockiter58@360.cn,Female,61,"Apotheca Company"
190,Robbie,Brew,Wallonia,rbrew59@stanford.edu,Female,37,"Apotheca Company"
191,Nero,Cluckie,Flanders,ncluckie5a@washingtonpost.com,Female,40,"Apotheca Company"
192,Cordelie,Bydaway,Wallonia,cbydaway5b@harvard.edu,Male,62,"Apotheca Company"
193,Chev,Louedey,Wallonia,clouedey5c@marriott.com,Male,53,"Apotheca Company"
194,Gerladina,Ratnage,Wallonia,gratnage5d@craigslist.org,Male,60,"Apotheca Company"
195,Helaina,Thirst,Brussels,hthirst5e@constantcontact.com,Female,30,"Apotheca Company"
196,Flore,Goreisr,Brussels,fgoreisr5f@webmd.com,Female,30,"Apotheca Company"
197,Tymothy,Rosendale,Brussels,trosendale5g@pcworld.com,Male,50,"Apotheca Company"
198,Padriac,Lezemere,Wallonia,plezemere5h@nymag.com,Male,50,"Apotheca Company"
199,Meridel,Downey,Wallonia,mdowney5i@unc.edu,Male,45,"Apotheca Company"
200,Humberto,Winckworth,Brussels,hwinckworth5j@sciencedirect.com,Male,37,"Apotheca Company"
201,Moreen,Grinsted,Flanders,mgrinsted5k@wikimedia.org,Female,55,"Apotheca Company"
202,Torrin,Blundel,Brussels,tblundel5l@usa.gov,Male,62,"Apotheca Company"
203,Consuelo,Jost,Wallonia,cjost5m@state.gov,Male,37,"Apotheca Company"
204,Tobit,Meharry,Flanders,tmeharry5n@constantcontact.com,Female,65,"Apotheca Company"
205,Jenda,Kauffman,Brussels,jkauffman5o@purevolume.com,Female,33,"Apotheca Company"
206,Jacintha,Medler,Wallonia,jmedler5p@harvard.edu,Female,46,"Apotheca Company"
207,Rory,Uphill,Wallonia,ruphill5q@google.ru,Male,47,"Apotheca Company"
208,Sheila-kathryn,McClifferty,Brussels,smcclifferty5r@weibo.com,Male,75,"Apotheca Company"
209,Hildegaard,Arstingall,Brussels,harstingall5s@howstuffworks.com,Female,30,"Apotheca Company"
210,Renard,Orknay,Wallonia,rorknay5t@mediafire.com,Male,51,"Apotheca Company"
211,Leia,Cottey,Flanders,lcottey5u@ocn.ne.jp,Male,45,"Apotheca Company"
212,Deidre,Toone,Brussels,dtoone5v@ox.ac.uk,Male,50,"Apotheca Company"
213,Benedikt,Eyres,Flanders,beyres5w@npr.org,Female,59,"Apotheca Company"
214,Jodee,Leagas,Flanders,jleagas5x@noaa.gov,Female,72,"Apotheca Company"
215,Andris,Doy,Brussels,adoy5y@newyorker.com,Male,48,"Apotheca Company"
216,Carlos,Dewicke,Flanders,cdewicke5z@miitbeian.gov.cn,Female,33,"Apotheca Company"
217,Shari,Duncan,Brussels,sduncan60@com.com,Male,48,"Apotheca Company"
218,Maurise,Adamkiewicz,Flanders,madamkiewicz61@biblegateway.com,Male,41,"Apotheca Company"
219,Stephi,Twinterman,Flanders,stwinterman62@ustream.tv,Female,61,"Apotheca Company"
220,Kirsten,Demelt,Wallonia,kdemelt63@php.net,Male,64,"Apotheca Company"
221,Bobina,Byrth,Flanders,bbyrth64@ameblo.jp,Female,65,"Apotheca Company"
222,Marcy,Paulillo,Wallonia,mpaulillo65@microsoft.com,Female,75,"Apotheca Company"
223,Eran,Statton,Flanders,estatton66@shutterfly.com,Male,73,"Apotheca Company"
224,Lori,Stribling,Flanders,lstribling67@bloglovin.com,Female,41,"Apotheca Company"
225,Lorinda,Mattiato,Flanders,lmattiato68@bandcamp.com,Male,66,"Apotheca Company"
226,Jacques,Gambell,Brussels,jgambell69@nifty.com,Female,41,"Apotheca Company"
227,Cirilo,Butchard,Wallonia,cbutchard6a@thetimes.co.uk,Male,36,"Apotheca Company"
228,Kori,Tomaschke,Wallonia,ktomaschke6b@newsvine.com,Female,48,"Apotheca Company"
229,Carmel,Aronstein,Wallonia,caronstein6c@altervista.org,Male,64,"Apotheca Company"
230,Maribelle,Pavis,Brussels,mpavis6d@vimeo.com,Female,53,"Apotheca Company"
231,Meggy,Eltune,Flanders,meltune6e@nydailynews.com,Female,47,"Apotheca Company"
232,Bart,De Moreno,Brussels,bdemoreno6f@cbslocal.com,Female,35,"Apotheca Company"
233,Loutitia,Tingley,Brussels,ltingley6g@plala.or.jp,Female,37,"Apotheca Company"
234,Coral,Lorans,Brussels,clorans6h@a8.net,Male,31,"Apotheca Company"
235,Marv,Moulster,Brussels,mmoulster6i@phpbb.com,Female,62,"Apotheca Company"
236,Ameline,Rendle,Brussels,arendle6j@jimdo.com,Male,42,"Apotheca Company"
237,Ofelia,McKibben,Brussels,omckibben6k@omniture.com,Male,66,"Apotheca Company"
238,Fenelia,Cohen,Flanders,fcohen6l@free.fr,Male,71,"Apotheca Company"
239,Charyl,Beams,Brussels,cbeams6m@yandex.ru,Male,46,"Apotheca Company"
240,Richmond,Durtnell,Brussels,rdurtnell6n@hatena.ne.jp,Female,50,"Apotheca Company"
241,Marjy,Danneil,Flanders,mdanneil6o@amazonaws.com,Male,61,"Apotheca Company"
242,Harv,Munehay,Brussels,hmunehay6p@hhs.gov,Female,41,"Apotheca Company"
243,Skippy,Gegay,Brussels,sgegay6q@google.ca,Male,51,"Apotheca Company"
244,Mavis,Kamiyama,Flanders,mkamiyama6r@networkadvertising.org,Female,33,"Apotheca Company"
245,Emelina,MacDermid,Wallonia,emacdermid6s@loc.gov,Female,56,"Apotheca Company"
246,Gardiner,Lamball,Flanders,glamball6t@marketwatch.com,Female,46,"Apotheca Company"
247,Merwin,Toll,Wallonia,mtoll6u@360.cn,Female,46,"Apotheca Company"
248,Brigit,Elden,Flanders,belden6v@moonfruit.com,Female,71,"Apotheca Company"
249,Theodore,Semble,Brussels,tsemble6w@samsung.com,Female,70,"Apotheca Company"
250,Rutger,Matzen,Wallonia,rmatzen6x@networkadvertising.org,Female,43,"Apotheca Company"
251,Ruthi,Pattenden,Brussels,rpattenden6y@senate.gov,Male,46,"Apotheca Company"
252,Joceline,Stanyard,Flanders,jstanyard6z@vistaprint.com,Male,71,"Apotheca Company"
253,Boony,Glencros,Brussels,bglencros70@tinyurl.com,Female,47,"Apotheca Company"
254,Janette,Schwandermann,Wallonia,jschwandermann71@marketwatch.com,Female,30,"Apotheca Company"
255,Franz,Jahn,Brussels,fjahn72@deviantart.com,Female,51,"Apotheca Company"
256,Jackquelin,Probyn,Flanders,jprobyn73@goo.gl,Female,32,"Apotheca Company"
257,Luci,Jorgesen,Brussels,ljorgesen74@cpanel.net,Female,53,"Apotheca Company"
258,Clerissa,Bettison,Wallonia,cbettison75@lycos.com,Female,32,"Apotheca Company"
259,Rodolfo,Mara,Wallonia,rmara76@zdnet.com,Female,75,"Apotheca Company"
260,Tatiana,O'Griffin,Brussels,togriffin77@hibu.com,Female,65,"Apotheca Company"
261,Rosalie,Scad,Wallonia,rscad78@foxnews.com,Female,39,"Apotheca Company"
262,Donna,Robbeke,Wallonia,drobbeke79@engadget.com,Male,48,"Apotheca Company"
263,Ulrica,Abrahamsen,Flanders,uabrahamsen7a@a8.net,Male,33,"Apotheca Company"
264,Selena,Thompkins,Wallonia,sthompkins7b@bing.com,Female,65,"Apotheca Company"
265,Jeanette,Mowsdill,Flanders,jmowsdill7c@ed.gov,Male,33,"Apotheca Company"
266,Mickie,Aarons,Flanders,maarons7d@netlog.com,Female,30,"Apotheca Company"
267,Dody,Cossans,Brussels,dcossans7e@slideshare.net,Male,58,"Apotheca Company"
268,Kaela,Rabbatts,Brussels,krabbatts7f@time.com,Male,68,"Apotheca Company"
269,Kimberlyn,Bontine,Brussels,kbontine7g@sina.com.cn,Female,30,"Apotheca Company"
270,Eugine,Aldwinckle,Wallonia,ealdwinckle7h@intel.com,Male,52,"Apotheca Company"
271,Marieann,Capelin,Brussels,mcapelin7i@youtube.com,Male,35,"Apotheca Company"
272,Marcellina,Vittore,Brussels,mvittore7j@flavors.me,Male,44,"Apotheca Company"
273,Cleopatra,Maggs,Brussels,cmaggs7k@bandcamp.com,Female,55,"Apotheca Company"
274,Sydelle,Faircliffe,Brussels,sfaircliffe7l@state.gov,Male,63,"Apotheca Company"
275,Victoria,Proschek,Flanders,vproschek7m@twitter.com,Male,40,"Apotheca Company"
276,Celestina,Sager,Flanders,csager7n@ebay.com,Male,59,"Apotheca Company"
277,Bettina,Collisson,Brussels,bcollisson7o@myspace.com,Male,38,"Apotheca Company"
278,Eustace,Bullivant,Brussels,ebullivant7p@wikia.com,Male,68,"Apotheca Company"
279,Merill,Caldero,Wallonia,mcaldero7q@msn.com,Female,65,"Apotheca Company"
280,Lelah,Everist,Wallonia,leverist7r@bloglines.com,Male,68,"Apotheca Company"
281,Hedwig,Othen,Flanders,hothen7s@booking.com,Female,31,"Apotheca Company"
282,Mil,Mannion,Brussels,mmannion7t@quantcast.com,Male,51,"Apotheca Company"
283,Iver,De Vere,Brussels,idevere7u@yellowpages.com,Female,71,"Apotheca Company"
284,Ethelind,Frantzen,Wallonia,efrantzen7v@loc.gov,Male,53,"Apotheca Company"
285,Archibold,Pooly,Flanders,apooly7w@eepurl.com,Male,39,"Apotheca Company"
286,Sheffy,Biddulph,Wallonia,sbiddulph7x@senate.gov,Female,41,"Apotheca Company"
287,Tobe,Kersaw,Wallonia,tkersaw7y@drupal.org,Female,34,"Apotheca Company"
288,Vernen,Punyer,Flanders,vpunyer7z@jigsy.com,Female,65,"Apotheca Company"
289,Scarlet,Feedham,Wallonia,sfeedham80@sakura.ne.jp,Female,69,"Apotheca Company"
290,Talia,Lusher,Flanders,tlusher81@youtu.be,Male,71,"Apotheca Company"
291,Sterling,Prettejohns,Flanders,sprettejohns82@sciencedirect.com,Male,53,"Apotheca Company"
292,Jonas,Rubin,Brussels,jrubin83@slate.com,Male,38,"Apotheca Company"
293,Siouxie,Fisher,Wallonia,sfisher84@soundcloud.com,Female,47,"Apotheca Company"
294,Walker,Kinglesyd,Brussels,wkinglesyd85@narod.ru,Male,47,"Apotheca Company"
295,Willie,Pedlow,Wallonia,wpedlow86@tmall.com,Male,43,"Apotheca Company"
296,Carlyle,MacPadene,Wallonia,cmacpadene87@canalblog.com,Female,67,"Apotheca Company"
297,Winn,Molian,Wallonia,wmolian88@go.com,Female,57,"Apotheca Company"
298,Wye,Applewhite,Flanders,wapplewhite89@over-blog.com,Female,46,"Apotheca Company"
299,Elisha,Clappison,Brussels,eclappison8a@technorati.com,Male,57,"Apotheca Company"
300,Ashlie,Kordova,Brussels,akordova8b@plala.or.jp,Female,53,"Apotheca Company"
301,Tani,Stiell,Brussels,tstiell8c@soup.io,Female,74,"Apotheca Company"
302,Ignazio,Ricardet,Brussels,iricardet8d@blogger.com,Male,31,"Apotheca Company"
303,Lorna,Conre,Brussels,lconre8e@angelfire.com,Male,70,"Apotheca Company"
304,Marylynne,Friend,Wallonia,mfriend8f@icio.us,Female,41,"Apotheca Company"
305,Jens,Kemston,Flanders,jkemston8g@tripod.com,Female,31,"Apotheca Company"
306,Joan,Stirtle,Wallonia,jstirtle8h@ustream.tv,Male,74,"Apotheca Company"
307,Marc,Caswill,Brussels,mcaswill8i@scientificamerican.com,Female,70,"Apotheca Company"
308,Margaux,felip,Wallonia,mfelip8j@unicef.org,Male,47,"Apotheca Company"
309,Robert,Neylon,Wallonia,rneylon8k@adobe.com,Female,40,"Apotheca Company"
310,Bernadina,Hadlow,Flanders,bhadlow8l@e-recht24.de,Female,65,"Apotheca Company"
311,Rupert,Romei,Wallonia,rromei8m@live.com,Female,35,"Apotheca Company"
312,Greg,Baggarley,Flanders,gbaggarley8n@netvibes.com,Male,72,"Apotheca Company"
313,Blythe,Jahn,Brussels,bjahn8o@bbc.co.uk,Female,73,"Apotheca Company"
314,Luther,Tomik,Brussels,ltomik8p@reverbnation.com,Female,49,"Apotheca Company"
315,Martha,Andrea,Flanders,mandrea8q@infoseek.co.jp,Female,61,"Apotheca Company"
316,Jessie,Kirkman,Wallonia,jkirkman8r@over-blog.com,Female,69,"Apotheca Company"
317,Mariette,Buske,Wallonia,mbuske8s@paypal.com,Male,55,"Apotheca Company"
318,Yasmeen,McPhilemy,Flanders,ymcphilemy8t@statcounter.com,Male,66,"Apotheca Company"
319,Janel,Howley,Flanders,jhowley8u@theguardian.com,Male,43,"Apotheca Company"
320,Caty,Woolner,Brussels,cwoolner8v@theguardian.com,Male,73,"Apotheca Company"
321,Bree,Notman,Flanders,bnotman8w@amazon.com,Male,36,"Apotheca Company"
322,Had,Goves,Flanders,hgoves8x@behance.net,Male,63,"Apotheca Company"
323,Carlen,Pickerill,Flanders,cpickerill8y@tripod.com,Female,49,"Apotheca Company"
324,Brunhilda,Duckerin,Wallonia,bduckerin8z@cargocollective.com,Male,70,"Apotheca Company"
325,Birk,Brydell,Brussels,bbrydell90@opera.com,Male,51,"Apotheca Company"
326,Hersh,Kilroy,Flanders,hkilroy91@si.edu,Male,65,"Apotheca Company"
327,Cassandre,Kettoe,Flanders,ckettoe92@uol.com.br,Male,59,"Apotheca Company"
328,Janeen,Ovenden,Brussels,jovenden93@aboutads.info,Male,47,"Apotheca Company"
329,Land,D'eathe,Wallonia,ldeathe94@taobao.com,Female,48,"Apotheca Company"
330,Alistair,Mendus,Wallonia,amendus95@springer.com,Female,46,"Apotheca Company"
331,Ethe,Leverette,Flanders,eleverette96@senate.gov,Female,44,"Apotheca Company"
332,Ines,Ferronet,Flanders,iferronet97@woothemes.com,Female,51,"Apotheca Company"
333,Rockie,Tremblay,Flanders,rtremblay98@salon.com,Female,44,"Apotheca Company"
